,codigo,bairro,cidade,estado,populacao,pop_ate9,pop_de10a14,pop_de15a19,pop_de20a24,pop_de25a34,pop_de35a49,pop_de50a59,pop_mais_de60,domicilios_a1,domicilios_a2,domicilios_b1,domicilios_b2,domicilios_c1,domicilios_c2,domicilios_d,domicilios_e,renda_media,faturamento,potencial,maior_aderencia
160,355030251,A. E. Carvalho,São Paulo,SP,94034,12668,6853,9836,7487,14535,21549,10598,10508,0,253,2197,4368,6681,7011,2247,5670,1501,209502.5,Alto,Não
161,35503020,Aclimação,São Paulo,SP,32791,2297,1017,2096,2197,5341,7281,4917,7645,1413,1734,3704,2351,1946,827,291,1617,5920,1508728.4,Alto,Não
162,355030285,Adventista,São Paulo,SP,104193,15070,7343,10631,8657,17749,23364,11567,9812,0,0,1423,4875,8595,10082,3111,5776,1284,165232.69,Médio,Não
163,35503088,Água Branca,São Paulo,SP,12721,953,343,627,819,2142,2833,1790,3214,624,667,1558,1032,915,361,84,404,6278,1205503.5,Médio,Não
164,35503066,Água Funda,São Paulo,SP,48417,5078,2396,4018,3571,7388,10751,6648,8567,0,303,1794,2986,4489,2836,1104,2553,1905,752995.9,Alto,Não
165,35503052,Água Rasa,São Paulo,SP,26134,2102,996,1694,1553,3625,5837,4026,6301,559,866,2367,1906,1347,974,173,1510,5907,1296003.6,Alto,Não
166,355030245,Águia De Haia,São Paulo,SP,48398,5745,2883,4321,3505,7113,10613,6347,7871,0,63,1881,2773,3800,3430,874,2798,1729,689821.06,Alto,Não
167,35503097,Alfredo Pujol,São Paulo,SP,39310,2720,1317,2422,2351,5431,8457,6448,10164,1556,1995,4558,2845,2081,1083,13,1561,6586,1617630.1,Alto,Não
168,355030146,Alto Da Lapa,São Paulo,SP,15551,1160,507,911,757,1967,3557,2207,4485,839,825,1485,934,777,577,87,379,8303,1209203.1,Médio,Não
169,35503037,Alto Da Mooca,São Paulo,SP,18304,1486,651,1157,1021,2360,4134,2678,4817,302,778,2150,1345,984,767,107,566,4841,1210666.8,Alto,Não
170,355030141,Alto De Pinheiros,São Paulo,SP,8046,564,287,502,403,828,1749,1254,2459,846,494,630,253,143,98,0,236,12793,1127920.6,Médio,Não
171,35503048,Ana Rosa,São Paulo,SP,24889,1446,661,1374,1716,4861,5421,3834,5576,993,1571,3627,1513,1426,550,203,1367,6075,1504728.1,Alto,Não
172,355030230,Anhanguera,São Paulo,SP,14818,2063,1142,1640,1185,2053,4221,1567,947,0,0,277,858,1360,1287,259,582,1522,794569.9,Baixo,Não
173,355030111,Aricanduva,São Paulo,SP,49365,4910,2536,3829,3142,6932,10928,6722,10366,87,255,2458,3258,3380,3007,578,3418,2313,856030.56,Alto,Não
174,3550309,Armênia,São Paulo,SP,7700,985,436,635,713,1510,1541,779,1101,0,42,297,375,449,318,89,659,1795,833465.06,Baixo,Não
175,355030181,Artur Alvim,São Paulo,SP,75865,8338,4066,6156,5262,12258,16270,9892,13623,0,0,2838,6428,6410,5770,1657,3329,1821,514731.3,Alto,Não
176,35503076,Bandeirantes,São Paulo,SP,11049,726,303,512,597,1790,2544,1765,2812,906,783,1450,497,444,287,0,616,8244,1270609.1,Médio,Não
177,35503087,Barra Funda,São Paulo,SP,320,19,12,18,21,46,68,52,84,2,3,14,24,26,12,5,24,1956,878022.5,Baixo,Não
178,35503022,Bela Vista,São Paulo,SP,17642,992,415,853,1155,3078,3634,2660,4855,1232,1297,2380,966,869,361,152,607,7887,1326737.1,Alto,Não
179,35503031,Belém,São Paulo,SP,20907,1910,911,1336,1467,3031,4444,3003,4805,292,667,1809,1750,1136,791,92,795,4366,1088575.9,Alto,Não
180,355030136,Berrini - Vila Funchal,São Paulo,SP,8499,823,249,407,500,1974,2152,1030,1364,683,683,1028,357,414,179,0,446,10313,1208211.9,Médio,Não
181,35503023,Bexiga,São Paulo,SP,34542,2912,1256,2291,3035,7070,7898,4379,5701,266,719,3010,3205,3383,2397,436,1382,3211,1062834.1,Alto,Não
182,355030142,Boçava,São Paulo,SP,18431,1429,666,1161,964,2337,4186,2773,4915,1585,1012,1669,873,670,410,0,918,9800,1380540.4,Alto,Não
183,3550307,Bom Retiro,São Paulo,SP,11250,1580,648,914,1000,1972,2320,1215,1601,0,63,431,539,704,532,178,1322,1598,801987.56,Baixo,Não
184,355030218,Bonfiglioli,São Paulo,SP,35054,3030,1330,2184,2238,5799,7830,5007,7636,774,1315,3831,2254,1539,947,302,2113,4684,1323579.6,Alto,Não
185,355030293,Bororé,São Paulo,SP,13537,2255,1164,1573,1124,1950,2890,1448,1133,0,0,79,460,986,1036,485,1076,1054,709411.06,Baixo,Não
186,35503071,Bosque Da Saúde,São Paulo,SP,32212,2784,1121,1806,1822,5344,7891,4903,6541,1351,1827,3450,1923,1465,735,135,2065,7899,1521972.5,Alto,Não
187,35503013,Brás,São Paulo,SP,11768,1099,590,932,810,2043,2756,1699,1839,0,120,875,1288,1026,551,128,588,2409,879385.9,Médio,Não
188,355030161,Brasilândia,São Paulo,SP,64673,7593,3881,5858,4829,9605,14551,8335,10021,0,0,2262,4513,5772,5199,1249,2395,1764,645089.3,Alto,Não
189,35503014,Bresser,São Paulo,SP,8220,935,364,614,823,1642,1833,959,1050,0,63,350,534,746,702,133,612,1796,807775.75,Baixo,Não
190,355030134,Brooklin,São Paulo,SP,29180,2307,815,1419,1369,4455,6854,4516,7445,2404,2231,3455,1431,1205,498,0,1250,8427,1644773.8,Alto,Não
191,355030217,Butantã,São Paulo,SP,18076,1158,511,989,1122,2560,3629,2624,5483,735,793,1480,1304,860,455,0,1105,5810,1193683.9,Alto,Não
192,355030165,Cachoeirinha,São Paulo,SP,80996,9392,4605,7149,5929,12761,18420,10495,12245,0,603,4521,5835,6236,5325,993,3393,2224,962869.4,Alto,Não
193,35503017,Cambuci,São Paulo,SP,18608,2171,840,1263,1281,3322,4227,2265,3239,165,348,1641,1278,1403,991,232,459,3946,957029.5,Médio,Não
194,355030127,Campo Belo,São Paulo,SP,10060,608,258,448,547,1475,2144,1584,2996,693,626,1242,522,503,171,39,267,11047,1225335.8,Médio,Não
195,355030197,Campo Grande,São Paulo,SP,35159,3962,1875,2765,2319,5896,8411,4674,5257,0,498,2907,2277,2146,1577,532,2358,2493,924784.06,Alto,Não
196,355030280,Campo Limpo,São Paulo,SP,40709,4859,2462,3616,3103,6530,9120,5065,5954,0,226,1626,2297,3615,2478,745,2153,1907,762253.75,Médio,Não
197,355030241,Cangaíba,São Paulo,SP,50281,5018,2637,4144,3665,7181,11456,6749,9431,0,160,2659,3792,3816,3514,797,2167,2048,792003.9,Alto,Não
198,35503011,Canindé,São Paulo,SP,1171,150,58,94,99,170,199,153,248,0,3,31,39,74,77,20,88,1482,826226.6,Baixo,Não
199,355030237,Cantareira,São Paulo,SP,613,58,32,54,28,67,139,73,162,0,0,9,24,42,38,11,24,1365,806883.4,Baixo,Não
200,355030284,Capão Redondo,São Paulo,SP,62049,7662,3931,5610,4791,10083,14257,7486,8229,0,199,2541,3928,5042,4576,1500,2907,1821,502535.6,Alto,Não
201,355030299,Capivari - Monos,São Paulo,SP,2938,449,265,308,188,332,617,373,406,0,0,6,102,133,230,109,352,857,791347.5,Baixo,Não
202,35503083,Cardoso De Almeida,São Paulo,SP,9163,632,285,513,608,1262,1795,1446,2622,787,705,1161,315,280,95,51,204,11365,1224078.5,Médio,Não
203,35503092,Casa Verde,São Paulo,SP,34188,3117,1512,2429,2297,5088,7598,5008,7139,318,929,3234,2212,2364,1545,232,1336,3862,1152101.2,Alto,Não
204,35503091,Casa Verde Alta,São Paulo,SP,77356,8177,3902,6256,5582,11741,16641,10764,14293,0,849,4426,5640,5681,4438,1152,3779,2297,993185.25,Alto,Não
205,35503034,Catumbi,São Paulo,SP,9797,1081,402,762,817,1681,1894,1241,1919,40,79,340,610,662,785,65,559,2309,877367.9,Baixo,Não
206,35503012,Cdc Vigor,São Paulo,SP,2686,265,114,206,187,382,534,281,717,0,15,157,146,265,150,44,192,1967,888393.75,Baixo,Não
207,355030151,Ceasa,São Paulo,SP,7786,939,362,561,799,2126,1860,591,548,171,338,405,223,277,407,65,331,5403,972625.8,Médio,Não
208,355030278,Centro Empresarial,São Paulo,SP,126509,17058,8493,12346,10506,21851,29095,14114,13046,0,87,2295,5695,10321,11811,3246,8692,1324,157628.98,Alto,Não
209,355030205,Chácara Flora,São Paulo,SP,14523,1126,562,864,695,1588,3190,2349,4149,1453,917,1114,633,390,183,0,372,11500,1297925.5,Médio,Não
210,355030132,Chácara Itaim,São Paulo,SP,28697,1925,662,1223,1372,4809,6024,4316,8366,4038,2107,3976,1249,980,332,0,1105,12424,1760081.5,Alto,Não
211,35503046,Chácara Klabin,São Paulo,SP,16839,1381,616,1078,1025,2463,4243,2958,3075,1726,1273,1698,698,551,163,77,403,13218,1408202.4,Alto,Não
212,355030203,Chácara Santo Antônio,São Paulo,SP,6320,553,215,325,309,1140,1439,847,1492,263,416,758,405,294,121,46,192,7818,1015865.5,Médio,Não
213,355030194,Cidade Ademar,São Paulo,SP,60283,5595,2806,4607,4225,9411,13709,8505,11425,174,1104,3863,3913,4446,2550,775,3982,6429,1126791.8,Alto,Não
214,355030271,Cidade Dutra,São Paulo,SP,49560,5790,3095,4451,3774,7653,11037,6418,7342,0,296,1865,2787,3682,3167,820,3215,1840,687264.9,Alto,Não
215,355030183,Cidade Líder,São Paulo,SP,54768,6516,3238,4985,4046,8717,12205,7022,8039,0,263,1693,3101,3717,4339,1166,3325,1677,658661.06,Alto,Não
216,355030255,Cidade Nitro-Operária,São Paulo,SP,32478,3601,1979,2918,2432,4363,7380,4119,5686,0,50,948,1975,2584,2491,640,2127,1562,731966.3,Médio,Não
217,355030118,Cidade Quarto Centenário,São Paulo,SP,47390,5495,2914,4137,3517,7150,10649,5843,7685,0,109,1135,3306,3579,3677,840,2803,1606,693360.0,Médio,Não
218,355030120,Cidade Satélite,São Paulo,SP,27006,3428,1746,2531,1917,4345,6596,3391,3052,0,0,1180,1653,2053,1392,361,2122,1722,814839.8,Médio,Não
219,355030270,Cidade Tiradentes,São Paulo,SP,226226,36395,18167,25637,18360,36577,48286,24757,18047,0,0,1389,8020,18403,21117,6680,14325,1123,50839.637,Médio,Não
220,355030219,Cidade Universitária,São Paulo,SP,4846,240,123,332,704,1337,948,631,531,222,251,423,225,135,60,0,227,7179,1005615.44,Médio,Não
221,355030124,Cidade Vargas,São Paulo,SP,40368,3331,1594,2672,2466,6488,9228,5974,8615,458,1310,4288,2831,2800,1619,350,1735,3893,1114027.1,Alto,Não
222,35503078,Clínicas,São Paulo,SP,22119,1179,447,898,1629,5257,4723,3167,4819,1505,1465,3593,1662,950,524,0,1649,8728,1361163.8,Alto,Não
223,355030292,Cocaia,São Paulo,SP,221487,34983,17783,25079,18525,36410,50773,21793,16141,0,0,1584,7343,17662,19980,6016,15001,1121,50839.637,Alto,Não
224,355030240,Cohab Jova Rural,São Paulo,SP,34137,5241,2659,3718,2898,5659,7333,3557,3072,0,0,395,1353,2652,3087,640,1690,1294,618231.1,Baixo,Não
225,355030128,Congonhas,São Paulo,SP,956,112,45,50,64,149,214,110,212,15,15,59,38,61,49,8,57,4517,933595.06,Baixo,Não
226,35503025,Consolação,São Paulo,SP,30584,1266,627,1788,3466,6581,6556,4076,6224,1102,1663,4513,3041,2541,1370,171,2366,5516,1451756.5,Alto,Não
227,355030296,Cratera - Colônia,São Paulo,SP,26273,4397,2280,3270,2125,3859,5962,2569,1811,0,0,0,562,1656,2446,776,2568,843,576512.56,Baixo,Não
228,355030152,Emissário,São Paulo,SP,4099,459,188,320,261,746,1043,448,634,49,107,286,277,230,202,68,347,3382,904164.06,Baixo,Não
229,355030297,Encruzilhada - Barragem,São Paulo,SP,23161,3889,1951,2736,1805,3307,4765,2534,2174,0,0,61,535,1404,1870,770,2200,894,634450.75,Baixo,Não
230,355030246,Ermelino Matarazzo,São Paulo,SP,72861,9947,4836,7238,5891,11559,16912,8367,8111,0,0,1311,3617,6362,6093,1698,4378,1394,362680.56,Médio,Não
231,35503055,Estação Tamanduateí,São Paulo,SP,5869,830,368,661,752,1076,1142,490,550,3,9,31,89,176,479,173,671,915,780983.44,Baixo,Não
232,355030170,Eta Guaraú,São Paulo,SP,0,0,0,0,0,0,0,0,0,0,0,0,0,0,0,0,0,-,807622.9,Baixo,Não
233,355030265,Fábrica Bandeirante,São Paulo,SP,111206,16484,8577,12858,9547,17088,24470,11846,10336,0,0,785,3694,7959,9511,3053,8799,1084,138662.64,Médio,Não
234,355030188,Fazenda Caguaçu,São Paulo,SP,25966,3743,1862,2673,2059,4208,5754,2968,2699,0,0,292,1107,1789,2042,752,2253,1133,600603.94,Baixo,Não
235,355030116,Fazenda Da Juta,São Paulo,SP,66237,8975,4634,7149,5466,9973,15487,7701,6852,0,0,801,3295,5593,5384,1858,3719,1296,439366.72,Médio,Não
236,355030263,Fazenda Itaim,São Paulo,SP,111222,17003,8773,12710,9168,17490,24712,12051,9315,0,0,460,3439,8854,9741,3254,8023,1047,131798.33,Médio,Não
237,355030212,Fazenda Morumbi,São Paulo,SP,8687,906,432,616,546,1650,2049,1039,1449,540,325,559,327,320,341,92,552,10252,1084285.9,Médio,Não
238,355030158,Freguesia Do Ó,São Paulo,SP,59777,5267,2744,4446,3944,8830,13377,9136,12033,123,1261,5006,4256,4048,3114,734,2563,2981,996891.4,Alto,Não
239,35503016,Gasômetro,São Paulo,SP,6663,819,336,613,677,1264,1514,668,772,0,27,254,429,618,501,102,471,1717,827652.1,Baixo,Não
240,355030267,Gleba Pêssego,São Paulo,SP,35453,5930,3002,4103,2762,5653,8421,3315,2267,0,0,139,1061,2901,3579,1200,2271,1063,461495.34,Baixo,Não
241,35503021,Glicério,São Paulo,SP,23761,2331,961,1537,1587,4169,5652,3077,4447,395,757,2090,1825,1874,915,296,1213,3947,1123705.6,Alto,Não
242,355030291,Grajaú,São Paulo,SP,150639,20958,10747,16137,12378,24911,34039,17027,14442,0,171,2811,6733,12119,11877,4183,9010,1404,46830.09,Alto,Não
243,355030204,Granja Julieta,São Paulo,SP,29609,2158,936,1643,1519,3980,6584,4451,8338,1427,1895,3867,1945,1175,443,188,792,8432,1560068.4,Alto,Não
244,355030268,Guaianazes,São Paulo,SP,65699,9282,4677,7315,5265,10121,14518,7289,7232,0,0,771,2860,5288,5624,1846,4508,1224,314677.3,Médio,Não
245,355030279,Guarapiranga,São Paulo,SP,81739,11352,5657,7985,6516,13944,18835,8928,8522,0,0,1688,3964,6990,7392,2199,4925,1408,229510.2,Alto,Não
246,35503061,Heliópolis,São Paulo,SP,48963,7828,3681,5472,4537,9106,10769,4541,3029,0,0,460,1603,4150,4073,1899,3333,1133,370082.4,Baixo,Não
247,35503027,Higienópolis,São Paulo,SP,20765,1116,499,1228,1630,2701,3833,3058,6700,1760,1695,2554,1137,807,397,0,1212,9133,1509802.5,Alto,Não
248,355030169,Horto Florestal,São Paulo,SP,6843,685,353,557,455,1004,1715,913,1161,35,93,463,509,440,295,100,333,3157,895883.0,Baixo,Não
249,355030189,Iguatemi,São Paulo,SP,136563,20724,10471,15429,11234,21246,31199,14642,11618,0,0,1338,5219,10458,11951,4113,8549,1182,78362.0,Médio,Não
250,35503018,Independência,São Paulo,SP,20918,1755,790,1237,1204,2933,4729,3070,5200,426,678,2475,1535,1429,788,239,472,5616,1213731.2,Alto,Não
251,355030272,Interlagos,São Paulo,SP,58350,7373,3689,5662,4416,9431,13558,7198,7023,0,204,1197,3330,4804,4491,1046,2866,1616,643583.6,Médio,Não
252,35503038,Ipiranga,São Paulo,SP,21723,1593,727,1226,1146,2889,4877,3378,5887,129,625,2087,2125,1821,812,241,734,3427,1135665.2,Alto,Não
253,355030160,Itaberaba,São Paulo,SP,35554,3868,1970,3014,2698,5528,7934,4728,5814,0,159,1449,2632,2809,2298,582,1852,1946,802158.0,Médio,Não
254,355030261,Itaim Paulista,São Paulo,SP,47381,5868,3077,4580,3675,7157,10641,5704,6679,0,126,963,2758,3218,3861,1306,3172,1495,459529.38,Médio,Não
255,355030250,Itaquera,São Paulo,SP,35751,4899,2203,3169,2399,5596,8213,4328,4944,0,132,1581,2152,2320,1998,448,2855,1810,792573.4,Médio,Não
256,355030123,Jabaquara,São Paulo,SP,37618,3279,1548,2481,2636,6101,8322,5526,7725,67,741,4060,2718,2346,1539,523,2060,3017,1090363.1,Alto,Não
257,355030238,Jaçanã,São Paulo,SP,46494,4899,2411,3618,3156,6721,9758,6471,9460,0,460,2354,3062,3597,2758,629,2464,2167,867029.06,Alto,Não
258,355030295,Jaceguava,São Paulo,SP,3549,476,224,369,269,518,885,357,451,0,0,120,160,244,218,86,304,1406,827909.06,Baixo,Não
259,355030225,Jaguaré,São Paulo,SP,31415,4718,2117,3241,2567,5803,7083,2944,2942,108,383,1296,1303,1940,2656,874,1940,2283,785331.5,Médio,Não
260,355030224,Jardim Adalgiza,São Paulo,SP,47028,5597,2614,4039,3411,7414,11339,6045,6569,984,1228,3088,2247,2696,2755,719,2138,4057,1145229.6,Alto,Não
261,355030129,Jardim Aeroporto,São Paulo,SP,21004,1700,772,1219,1262,3286,4677,2876,5212,532,927,2287,1219,1187,577,166,1145,6219,1309971.4,Alto,Não
262,355030110,Jardim Anália Franco,São Paulo,SP,33826,2749,1406,2393,2076,4271,7672,5383,7876,682,1169,2621,2140,1734,1193,274,2107,4295,1216218.8,Alto,Não
263,355030287,Jardim Ângela,São Paulo,SP,83297,11615,5835,8441,6928,14246,18555,9064,8613,0,0,1124,3574,6656,7596,2352,5810,1224,195448.88,Médio,Não
264,355030125,Jardim Bom Clima,São Paulo,SP,96936,12193,6071,8872,7678,15583,21924,11127,13488,0,426,2919,4953,7519,6689,1870,7357,1609,272832.94,Alto,Não
265,355030266,Jardim Bonifácio,São Paulo,SP,97231,11708,5603,8106,6756,16916,20296,13403,14443,0,0,2753,7110,9123,6938,1707,4777,1654,282717.84,Alto,Não
266,355030175,Jardim Brasil,São Paulo,SP,71478,8424,4064,6215,5522,10708,15230,9091,12224,0,181,2487,3824,6368,5703,1343,3196,1751,505567.88,Alto,Não
267,355030221,Jardim Cambará,São Paulo,SP,42436,5448,2631,3976,3164,6995,9713,5139,5370,0,159,1732,2510,3206,3217,304,2589,1832,768269.06,Médio,Não
268,355030290,Jardim Capela,São Paulo,SP,101574,18123,8776,11974,8225,16715,23078,8854,5829,0,0,348,2441,7448,9087,3529,8170,952,121226.19,Médio,Não
269,355030182,Jardim Coimbra,São Paulo,SP,36745,3761,1984,3141,2635,5254,8386,4936,6648,0,332,1330,2361,3403,2656,349,1957,1989,859926.25,Médio,Não
270,355030113,Jardim Colorado,São Paulo,SP,60445,6429,3209,5073,4436,8446,13552,8411,10889,0,0,1828,3384,5143,3737,1289,4425,1530,382089.72,Alto,Não
271,35503047,Jardim Da Glória,São Paulo,SP,9340,587,287,546,511,1213,1923,1488,2785,195,422,882,637,614,218,97,463,5347,980580.44,Médio,Não
272,35503064,Jardim Da Saúde,São Paulo,SP,20201,1456,709,1208,1145,2532,4323,3234,5594,626,746,1963,1313,1120,596,124,796,5532,1290104.9,Alto,Não
273,355030163,Jardim Damsceno,São Paulo,SP,96382,15442,7864,10732,8112,15819,21046,9318,8049,0,0,768,2964,6994,8334,2369,7892,1078,170143.94,Médio,Não
274,355030262,Jardim Das Oliveiras,São Paulo,SP,81544,11693,6057,9203,6634,12415,18266,8918,8358,0,0,812,2987,5973,6891,2277,6097,1147,232465.05,Médio,Não
275,355030236,Jardim Das Pedras,São Paulo,SP,51766,7878,3971,5692,4296,8335,12527,5109,3958,0,0,537,2185,4525,4041,1373,2888,1240,397424.94,Médio,Não
276,355030235,Jardim Do Guapira,São Paulo,SP,104091,13522,6932,10639,8089,16373,23483,12095,12958,35,415,2311,4891,7969,7727,2134,6809,1558,177010.47,Alto,Não
277,355030154,Jardim Domingos,São Paulo,SP,53988,5297,2509,3897,3501,8143,12363,7499,10779,402,1173,3783,3897,3814,2787,562,2574,3113,1006102.9,Alto,Não
278,355030140,Jardim Europa,São Paulo,SP,13371,981,470,745,588,1349,2888,2091,4259,2068,722,1230,374,299,67,0,505,21677,1435966.5,Médio,Não
279,355030257,Jardim Helena,São Paulo,SP,109270,15503,8006,11986,8789,16643,24380,11941,12022,0,0,929,3983,7080,8041,3037,10127,1056,168377.89,Médio,Não
280,355030222,Jardim João Xxiii,São Paulo,SP,44632,6174,2831,4344,3414,7869,9846,4810,5344,0,100,1499,2027,3174,3625,973,2494,1631,626084.6,Médio,Não
281,355030215,Jardim Jussara,São Paulo,SP,21892,2225,993,1638,1411,3530,5423,2847,3825,599,905,2461,1324,1167,829,23,718,5569,1297674.2,Alto,Não
282,35503075,Jardim Lusitânia,São Paulo,SP,2115,106,70,125,119,232,434,366,663,234,116,123,38,48,17,0,82,15113,1033002.2,Médio,Não
283,355030200,Jardim Marajoara,São Paulo,SP,41106,3942,1938,3065,2552,5828,10467,6186,7128,1171,2074,4800,1973,1900,1174,294,1539,5842,1551637.6,Alto,Não
284,355030216,Jardim Maria Do Carmo,São Paulo,SP,41379,5250,2316,3792,3701,8242,8735,4540,4803,94,757,2584,2124,2273,2025,615,3046,2558,1028706.5,Alto,Não
285,355030196,Jardim Miriam,São Paulo,SP,140491,19639,9538,13959,11938,23786,30913,15270,15448,0,66,2364,6292,11478,11739,3683,9706,1320,46830.09,Alto,Não
286,355030283,Jardim Mitsutani,São Paulo,SP,71100,10342,4933,7115,5934,12443,16047,7418,6868,2,44,1209,3395,5805,5707,1548,4987,1355,326246.88,Médio,Não
287,355030155,Jardim Mutinga,São Paulo,SP,36761,5061,2415,3706,2922,5711,8491,4258,4197,0,0,991,1766,2619,2761,704,2814,1424,683353.4,Médio,Não
288,355030139,Jardim Paulistano,São Paulo,SP,20559,1255,469,956,1216,3887,4408,3038,5330,1412,1281,3223,1259,1126,609,0,958,8746,1352894.8,Alto,Não
289,355030166,Jardim Peri,São Paulo,SP,72503,11237,5477,8017,6113,11853,15409,7607,6790,0,0,750,3201,6148,5820,1792,4527,1247,313796.3,Médio,Não
290,355030273,Jardim Presidente,São Paulo,SP,79313,10668,5268,7816,6449,12770,17994,9271,9077,0,146,2321,4372,6615,6236,1957,3671,1628,489073.16,Alto,Não
291,35503065,Jardim Providência,São Paulo,SP,22845,2482,1100,1719,1525,3660,4714,3120,4525,209,418,1567,1272,1433,1186,239,1583,3120,956338.4,Médio,Não
292,355030274,Jardim Represa,São Paulo,SP,22828,2563,1306,2020,1714,3330,5107,3015,3773,0,244,1099,1293,1838,1472,444,951,2158,847815.06,Médio,Não
293,355030260,Jardim Robru,São Paulo,SP,81240,11719,6209,8941,6699,12672,18304,8444,8252,0,0,831,3357,5904,7488,1853,5878,1179,183666.38,Médio,Não
294,355030258,Jardim Romano,São Paulo,SP,35132,5365,2690,3833,2917,5873,7424,3593,3437,0,0,370,1014,2625,3105,800,2915,1091,580396.5,Baixo,Não
295,355030277,Jardim São Luís,São Paulo,SP,78224,10418,5028,7417,6366,13427,17767,9080,8721,0,217,2311,4165,5867,5759,1737,5746,1559,348928.34,Alto,Não
296,35503099,Jardim São Paulo,São Paulo,SP,40848,2863,1479,2626,2438,5388,8709,6683,10662,1222,1754,4571,2724,2301,1160,489,1248,6510,1483918.6,Alto,Não
297,355030281,Jardim Umarizal,São Paulo,SP,51237,7035,3399,4973,3976,8761,11729,5927,5437,139,215,1724,3261,4142,3477,1001,2856,2166,725467.56,Alto,Não
298,35503077,Jardins,São Paulo,SP,11416,808,383,565,560,1499,2497,1716,3388,1202,588,1007,520,353,189,0,767,11135,1289488.2,Médio,Não
299,355030130,Joaquim Nabuco,São Paulo,SP,14218,1430,557,891,795,1818,3556,2088,3083,1065,655,1142,843,421,219,0,990,11335,1336000.8,Médio,Não
300,355030210,Jockey Clube,São Paulo,SP,4298,301,151,243,275,519,935,694,1180,531,140,181,72,98,73,31,189,19585,1189585.6,Médio,Não
301,355030199,Jurubatuba,São Paulo,SP,20549,1975,893,1445,1156,2933,5201,2824,4122,713,791,2318,1346,977,585,186,606,6003,1288301.2,Alto,Não
302,355030269,Juscelino Kubitschek,São Paulo,SP,45549,6820,3413,4962,3684,7362,9905,5099,4304,0,0,444,1826,3894,3781,1178,3155,1183,520240.94,Médio,Não
303,3550306,Ladeira Da Memória,São Paulo,SP,23949,1421,644,1187,1821,4730,6048,3412,4686,0,430,2080,3334,2802,2089,367,1606,2360,912395.75,Alto,Não
304,355030264,Lajeado,São Paulo,SP,64327,9879,5176,7225,5280,10086,14190,6567,5924,0,0,560,2026,5060,4846,1397,5881,1067,299831.5,Médio,Não
305,355030144,Lapa,São Paulo,SP,20179,1586,625,1126,1150,2895,4455,3203,5139,721,879,2683,1382,1025,556,0,847,6897,1327536.9,Alto,Não
306,355030148,Lapa De Baixo,São Paulo,SP,8485,624,294,509,538,1275,1664,1277,2304,65,158,899,708,682,345,0,452,3633,938729.5,Médio,Não
307,35503019,Liberdade/São Joaquim,São Paulo,SP,17355,1115,512,1235,1693,3634,3534,2290,3342,183,388,1743,1728,1561,844,217,1536,3108,974236.4,Médio,Não
308,35503090,Limão,São Paulo,SP,8466,1168,573,842,738,1395,1934,875,941,0,59,295,344,553,695,178,539,1764,812257.1,Baixo,Não
309,355030249,Limoeiro,São Paulo,SP,119634,16966,8575,12832,10067,19137,26692,13975,11390,0,38,1771,4907,8990,9868,3368,8419,1259,164226.6,Alto,Não
310,3550308,Luz,São Paulo,SP,17304,1584,733,1319,1347,2921,3833,2277,3290,0,191,1207,1478,1370,649,158,1179,2370,880072.25,Médio,Não
311,355030168,Mandaqui,São Paulo,SP,108235,10460,5343,8437,7250,15585,26002,15124,20034,681,2099,9111,7819,7147,5291,1331,5035,3231,1109319.4,Alto,Sim
312,355030192,Mar Paulista,São Paulo,SP,48982,6434,3300,4926,3813,7815,11072,5800,5822,0,198,1103,2720,3925,3734,1016,2837,1589,621945.3,Médio,Não
313,355030298,Marcilac,São Paulo,SP,5809,807,473,646,479,803,1200,718,683,0,0,17,135,331,502,181,582,883,789672.25,Baixo,Não
314,35503029,Marechal Deodoro,São Paulo,SP,43550,3208,1416,2520,2772,6921,9593,6242,10878,1766,2277,4815,3438,2933,1348,155,3066,5490,1605451.9,Alto,Não
315,35503024,Masp,São Paulo,SP,22120,1038,416,1067,1901,5100,4968,2988,4642,1197,1417,3579,2417,1623,707,190,716,6997,1335863.5,Alto,Não
316,355030288,M'Boi Mirim,São Paulo,SP,88421,14087,6782,9823,7616,15178,19704,8372,6859,0,0,469,3350,7112,7840,3149,6352,1083,158041.89,Médio,Não
317,35503070,Mirandópolis,São Paulo,SP,29407,1748,743,1429,1717,4843,6042,4801,8084,1360,1705,4173,2351,1120,622,145,1448,7551,1524342.8,Alto,Não
318,35503072,Moema,São Paulo,SP,60709,4607,1757,3051,3144,9882,14562,9801,13905,6982,5362,6631,2481,1881,736,0,3719,11332,2301151.5,Alto,Não
319,35503062,Moinho Velho,São Paulo,SP,43145,3742,1772,2856,2750,7054,9581,6016,9374,196,531,3354,3523,2948,2335,429,2863,2921,1002109.56,Alto,Não
320,35503035,Mooca,São Paulo,SP,29404,2458,1027,1927,2079,4938,6700,4143,6132,311,804,3176,2443,1736,1252,161,852,4111,1138474.1,Alto,Não
321,355030209,Morumbi,São Paulo,SP,15104,1145,588,861,861,2060,3569,2318,3702,1490,932,1312,585,455,271,101,606,14504,1300389.6,Alto,Não
322,35503042,Nazaré - Alto Do Ipiranga,São Paulo,SP,35662,2774,1255,2231,2158,5149,7889,5366,8840,604,1121,3286,2711,2364,1559,325,1375,4675,1317726.9,Alto,Não
323,355030228,Nova Jaraguá,São Paulo,SP,48393,6332,3428,4766,4018,7539,11261,6062,4987,0,139,1479,2495,4003,3371,729,2569,1704,674390.7,Médio,Não
324,35503051,Oratório,São Paulo,SP,30230,2473,1181,1946,1783,4191,6687,4353,7616,266,641,2180,2189,1875,1533,288,2132,3694,1134423.9,Alto,Não
325,35503015,Oriente,São Paulo,SP,4654,544,267,405,443,899,1112,458,526,0,18,157,259,449,277,64,297,1728,836822.75,Baixo,Não
326,35503026,Pacaembu,São Paulo,SP,10016,626,288,557,661,1103,2002,1647,3132,1324,564,892,378,251,92,63,433,15057,1247757.1,Médio,Não
327,355030234,Palmas Do Tremembé,São Paulo,SP,32280,3709,1858,2743,2271,4684,6986,4379,5650,101,430,1275,1723,2353,2183,488,1897,2267,891713.2,Médio,Não
328,35503080,Pamplona,São Paulo,SP,28380,1641,609,1244,1666,4937,5941,4201,8141,2563,2509,3895,1662,1327,253,0,1772,9843,1627437.5,Alto,Não
329,355030229,Parada De Taipas,São Paulo,SP,149250,21575,10879,15402,11427,24493,34208,16694,14572,0,0,3013,6702,12602,12033,4037,8111,1392,44314.035,Alto,Não
330,355030173,Parada Inglesa,São Paulo,SP,39103,3418,1630,2592,2565,5811,8435,5833,8819,198,597,3375,2957,2547,2081,549,1586,3073,1079805.1,Alto,Não
331,355030253,Parada Quinze,São Paulo,SP,50830,6140,3190,4563,3551,7795,11743,6308,7540,0,146,1493,3708,4728,3467,911,2294,1765,687912.3,Alto,Não
332,35503049,Paraíso,São Paulo,SP,25642,1629,628,1160,1512,3847,5293,3843,7730,2655,2118,3525,1235,915,324,0,491,11686,1636592.4,Alto,Não
333,355030208,Paraisópolis,São Paulo,SP,53410,9770,4320,6261,5764,10762,11383,3210,1940,28,29,249,1285,3954,6202,2271,3489,1049,341465.6,Baixo,Não
334,355030294,Parelheiros,São Paulo,SP,87201,13145,7000,9758,6902,14290,19930,9004,7172,0,0,463,2520,6352,7318,2571,7513,1004,163118.31,Médio,Não
335,35503010,Pari,São Paulo,SP,14648,1666,747,1224,1206,2210,3129,1651,2815,0,88,798,907,1296,1037,179,775,2037,857742.94,Baixo,Não
336,35503096,Parque Anhembi,São Paulo,SP,1516,201,79,103,107,318,442,119,147,12,41,280,134,34,10,3,8,5723,937530.4,Baixo,Não
337,355030282,Parque Arariba,São Paulo,SP,63030,8748,4283,5693,4923,11456,14722,7081,6124,54,474,2375,3108,4482,4059,1295,5038,1809,369360.88,Alto,Não
338,35503033,Parque Belém,São Paulo,SP,9978,1207,444,704,795,2382,2455,899,1092,54,205,855,741,428,495,52,443,3425,900817.7,Médio,Não
339,355030247,Parque Buturussu,São Paulo,SP,48676,5766,2816,4303,3685,7668,10703,6427,7308,0,291,1763,3359,3527,3089,887,2808,1897,736525.9,Alto,Não
340,355030226,Parque Continental,São Paulo,SP,21925,1808,881,1407,1446,3607,4891,2926,4959,258,676,2275,1840,1509,919,278,620,4276,1125509.2,Alto,Não
341,35503036,Parque Da Mooca,São Paulo,SP,33293,2774,1232,2140,1877,4358,7765,4855,8292,847,1556,3259,2523,1981,875,231,1459,5209,1440531.2,Alto,Não
342,355030186,Parque Do Carmo,São Paulo,SP,2039,407,167,239,209,330,355,191,141,0,0,4,41,69,129,73,218,750,803687.56,Baixo,Não
343,35503067,Parque Do Estado,São Paulo,SP,43,2,2,2,4,6,8,9,10,0,0,4,4,5,0,0,0,2891,906398.44,Baixo,Não
344,3550301,Parque Dom Pedro,São Paulo,SP,8674,801,423,797,745,1607,2416,911,974,0,36,393,680,1041,523,95,664,1816,822922.75,Baixo,Não
345,355030243,Parque Ecológico Tietê,São Paulo,SP,11350,1812,897,1211,982,1853,2574,1045,976,0,1,99,409,740,1115,287,749,1167,767449.4,Baixo,Não
346,355030239,Parque Edu Chaves,São Paulo,SP,20577,2407,1101,1702,1445,3379,4358,2665,3520,0,191,896,1213,1557,1395,247,1100,2068,851973.3,Médio,Não
347,355030286,Parque Fernanda,São Paulo,SP,121226,18122,8920,12845,10239,21068,26878,12354,10800,0,27,1315,4843,9692,10526,3657,8693,1187,140370.05,Médio,Não
348,35503074,Parque Ibirapuera,São Paulo,SP,4617,253,136,237,256,623,1038,811,1263,465,448,551,201,149,49,0,202,11613,1032857.7,Baixo,Não
349,355030276,Parque Interlagos,São Paulo,SP,30301,2502,1262,2103,1815,4053,6615,4463,7488,631,813,2229,2202,1983,1079,359,1234,6905,1259618.0,Alto,Não
350,355030231,Parque Morro Doce,São Paulo,SP,55558,8470,4292,6119,4629,9292,13999,5322,3435,0,0,843,2616,5045,5118,1271,2845,1340,396807.44,Médio,Não
351,355030104,Parque Novo Mundo,São Paulo,SP,51027,8006,3679,5591,4296,8641,11007,5048,4759,0,107,831,1918,3938,4712,1517,2928,1365,418167.34,Médio,Não
352,35503093,Parque Peruche,São Paulo,SP,57407,6081,2887,4422,4078,8720,12041,7700,11478,0,748,2958,3916,4544,3041,717,3036,2303,993147.6,Alto,Não
353,355030115,Parque Santa Madalena,São Paulo,SP,88500,11542,5638,8582,6914,14118,19492,10560,11654,0,0,1639,4226,7264,7408,2421,5718,1344,229510.2,Alto,Não
354,35503057,Parque São Lucas,São Paulo,SP,73934,8102,3804,6241,5320,10861,16673,9795,13138,0,250,3579,5309,5803,5092,1274,3966,1969,581720.2,Alto,Não
355,355030121,Parque São Rafael,São Paulo,SP,70505,11796,5948,8397,5628,11018,16049,6460,5209,0,0,441,1881,4865,6094,2578,4978,1035,209478.88,Médio,Não
356,355030185,Parque Savoy,São Paulo,SP,45631,6070,2890,4439,3698,7614,10591,5548,4781,0,5,1481,2284,4107,3527,1166,1952,1667,620908.0,Médio,Não
357,355030191,Pedreira,São Paulo,SP,89506,13562,6720,9649,7578,14850,20408,9274,7465,0,59,833,3171,6118,6392,2027,9344,1043,221242.67,Médio,Não
358,355030176,Penha,São Paulo,SP,36253,3626,1822,2885,2562,5106,7878,4813,7561,0,317,2070,2233,2652,2520,646,2025,2121,867929.8,Alto,Não
359,35503081,Perdizes,São Paulo,SP,47046,3544,1505,2618,2762,7563,10640,7808,10606,3470,4317,5993,2740,1602,537,0,1393,8707,1899756.1,Alto,Não
360,355030232,Perus,São Paulo,SP,85745,12486,6432,9186,7011,13271,19927,8986,8446,0,0,852,3295,6743,7364,1866,6114,1164,183666.38,Médio,Não
361,355030227,Pico Do Jaraguá,São Paulo,SP,0,0,0,0,0,0,0,0,0,0,0,0,0,0,0,0,0,-,807622.9,Baixo,Não
362,355030137,Pinheiros,São Paulo,SP,12382,787,340,588,796,2254,2707,1689,3221,600,646,1850,820,752,225,0,606,8791,1224735.8,Médio,Não
363,355030106,Piqueri/Parque São Jorge,São Paulo,SP,46254,4231,1920,3012,2722,7085,11206,6451,9627,834,1803,4837,3396,2832,1799,363,1753,4897,1416579.2,Alto,Não
364,355030156,Pirituba,São Paulo,SP,53776,5297,2381,3773,3406,8810,12451,7616,10042,84,869,4871,4320,4144,2719,885,1694,2901,1009105.3,Alto,Não
365,35503069,Planalto Paulista,São Paulo,SP,23065,1412,681,1265,1176,2776,4796,3541,7418,815,1075,2360,1421,1255,483,219,1048,5764,1296898.9,Alto,Não
366,35503086,Pompéia,São Paulo,SP,14476,1355,430,698,766,2417,3720,2175,2915,755,1137,2254,1126,515,195,0,272,7356,1321080.4,Alto,Não
367,355030244,Ponte Rasa,São Paulo,SP,52043,5184,2700,4070,3662,7488,11538,7617,9784,0,302,2409,3529,3741,3826,825,2759,1978,794431.06,Alto,Não
368,355030202,Ponte Transamérica,São Paulo,SP,8991,666,345,574,541,1356,1995,1429,2085,73,277,956,783,591,311,69,288,4129,952465.94,Médio,Não
369,355030214,Portal Do Morumbi,São Paulo,SP,18631,2562,1093,1825,1372,2785,4279,2082,2633,791,634,922,570,673,1339,513,944,6089,1178471.8,Médio,Não
370,3550303,Praça João Mendes,São Paulo,SP,16475,1751,862,1317,1555,3289,4053,1718,1930,0,84,642,1157,1934,1262,238,1658,1668,797638.25,Baixo,Não
371,35503082,Puc,São Paulo,SP,17397,1003,516,1020,1474,2480,3199,2746,4959,1341,1459,2370,808,653,206,134,529,10064,1329801.6,Alto,Não
372,35503032,Quarta Parada,São Paulo,SP,7515,537,269,471,491,1126,1454,1084,2083,46,148,604,664,499,409,39,338,3270,907034.25,Baixo,Não
373,355030220,Raposo Tavares,São Paulo,SP,20082,2855,1234,1810,1514,3646,4579,2398,2046,0,0,668,1305,1701,1597,374,1136,1631,759030.75,Baixo,Não
374,355030211,Real Parque,São Paulo,SP,22088,2818,1312,1929,1433,3153,5371,2752,3320,1899,700,959,406,583,987,302,1813,12706,1383119.2,Médio,Não
375,3550304,República,São Paulo,SP,14861,812,340,668,1090,2799,3776,2191,3185,141,366,1818,1857,1919,790,224,1012,3516,969625.4,Médio,Não
376,355030167,Reserva Da Cantareira,São Paulo,SP,0,0,0,0,0,0,0,0,0,0,0,0,0,0,0,0,0,-,807622.9,Baixo,Não
377,355030119,Rio Claro,São Paulo,SP,20046,2538,1325,1892,1513,3069,4620,2377,2712,0,0,742,942,1384,1302,316,1858,1506,792632.2,Baixo,Não
378,355030223,Rio Pequeno,São Paulo,SP,79567,9128,4319,6593,6203,13671,17844,9772,12037,295,1388,5231,4089,5611,5024,1336,4096,2690,635158.25,Alto,Não
379,355030252,Rio Verde,São Paulo,SP,38519,4869,2373,3445,2918,6147,8834,4658,5275,0,81,1232,1982,3004,2546,712,3079,1531,734759.0,Médio,Não
380,355030289,Riviera,São Paulo,SP,42731,6549,3209,4633,3661,7485,9201,4360,3633,0,0,373,1472,3507,3905,1266,3124,1131,386598.8,Baixo,Não
381,355030122,Rodolfo Pirani,São Paulo,SP,83526,11626,5690,8248,6413,13039,19157,9169,10184,0,153,1352,4341,6792,5990,1831,5442,1397,277302.72,Médio,Não
382,35503059,Sacomã,São Paulo,SP,131007,15491,7279,11248,9278,20806,31195,16974,18736,0,1290,7360,8744,9817,7580,2429,7780,2191,387679.8,Alto,Sim
383,35503028,Santa Cecília/Campos Elísios,São Paulo,SP,41173,2742,1202,2415,3288,7739,9669,5903,8215,320,933,3673,4456,4200,2766,663,2950,3300,1034516.56,Alto,Não
384,35503050,Santa Clara,São Paulo,SP,34523,2932,1422,2438,2091,4621,7502,5157,8360,63,497,2272,2186,2721,1741,563,2145,2419,930601.06,Alto,Não
385,35503045,Santa Cruz,São Paulo,SP,13912,1039,405,830,851,2404,3035,2200,3148,764,883,1539,847,717,229,95,456,8738,1211201.1,Médio,Não
386,3550305,Santa Efigênia,São Paulo,SP,22144,2141,800,1653,2176,4435,5191,2682,3066,36,105,1021,1690,2833,1918,344,1554,1978,809647.56,Médio,Não
387,355030184,Santa Marcelina,São Paulo,SP,35027,4478,2252,3438,2620,5583,7953,4446,4257,0,0,1253,2460,2445,2437,637,1893,1765,746528.56,Médio,Não
388,35503089,Santa Marina,São Paulo,SP,2281,369,166,263,157,363,452,238,273,2,11,63,80,122,215,35,167,1600,829620.94,Baixo,Não
389,35503094,Santana,São Paulo,SP,6562,412,192,369,420,953,1319,994,1903,100,222,785,609,422,217,63,175,5656,965907.6,Médio,Não
390,355030201,Santo Amaro,São Paulo,SP,17072,1703,691,1052,929,2274,4349,2368,3706,992,992,1551,1097,963,483,14,478,7740,1329426.6,Alto,Não
391,35503060,São João Climaco,São Paulo,SP,42020,4296,2035,3191,2913,6572,9460,5786,7767,3,350,2745,3433,3915,2613,555,1202,2389,838845.44,Alto,Não
392,35503056,São Lucas,São Paulo,SP,31381,2805,1383,2160,2095,4516,6729,4613,7080,0,347,1747,2444,2437,1837,350,1921,2222,932439.5,Alto,Não
393,355030117,São Mateus,São Paulo,SP,71515,8970,4589,6909,5760,10942,15545,8943,9857,0,113,1507,3866,5266,4784,1667,5806,1398,356756.84,Alto,Não
394,355030254,São Miguel Paulista,São Paulo,SP,26511,3087,1506,2373,2069,3701,5902,3428,4445,0,99,833,1486,2014,2011,621,1576,1648,737047.1,Baixo,Não
395,35503068,Saúde,São Paulo,SP,55175,4337,1880,3240,3476,9359,12625,8531,11727,1437,2836,7562,3610,2325,1796,374,2248,5330,1593488.5,Alto,Não
396,355030193,Sete Praias,São Paulo,SP,15860,2222,1062,1614,1257,2645,3675,1847,1538,0,66,364,833,1287,1333,292,770,1607,798575.9,Baixo,Não
397,35503084,Sumaré,São Paulo,SP,17017,1072,423,869,921,2910,3687,2671,4464,1066,1209,2172,1257,822,195,0,567,8140,1342499.0,Alto,Não
398,355030105,Tatuapé,São Paulo,SP,51812,3616,1925,3425,3131,6445,11980,8329,12961,1837,2371,5354,3042,3111,1699,443,2221,6994,1669109.4,Alto,Não
399,355030114,Teotônio Vilela,São Paulo,SP,89182,11994,6009,8706,7208,14427,19355,10894,10589,0,0,1045,4390,8909,7381,2348,4310,1360,207923.86,Médio,Não
400,35503098,Tietê,São Paulo,SP,36762,3224,1659,2582,2403,5169,8349,5637,7739,689,1306,3173,1964,2242,1535,588,1406,4331,1178518.0,Alto,Não
401,355030177,Tiquatira,São Paulo,SP,43746,3945,1861,2930,2760,6262,9984,6316,9688,0,503,3444,3694,3753,2228,490,1767,2598,917381.1,Alto,Não
402,355030233,Tremembé,São Paulo,SP,22181,1934,1052,1662,1392,2853,4875,3374,5039,195,646,1505,1618,1557,954,261,864,3478,1072869.0,Médio,Não
403,35503079,Trianon,São Paulo,SP,32963,2003,816,1594,1807,4677,6989,5150,9927,4040,2191,4120,1717,905,472,0,2315,12550,1763140.8,Alto,Não
404,355030171,Tucuruvi,São Paulo,SP,17667,1191,656,1163,1121,2256,3608,2913,4759,178,594,1965,1563,1015,469,87,477,4198,1138728.4,Alto,Não
405,35503030,Várzea Da Barra Funda,São Paulo,SP,4830,570,240,351,291,750,1208,575,845,40,104,275,344,332,185,59,299,2949,904164.06,Baixo,Não
406,355030131,Viera De Morais,São Paulo,SP,24098,2013,802,1235,1293,3461,5150,3667,6477,2419,1581,2443,1190,758,447,78,1038,13650,1590519.0,Alto,Não
407,35503054,Vila Alpina,São Paulo,SP,68323,6376,3058,4974,4674,10393,15163,9811,13874,0,1032,3884,5221,5620,4458,1035,3331,2332,993592.3,Alto,Não
408,355030147,Vila Anastácio,São Paulo,SP,3409,223,105,190,207,575,661,475,973,46,104,325,228,236,144,1,196,4330,903317.44,Baixo,Não
409,355030206,Vila Andrade,São Paulo,SP,47060,6539,2805,3728,3041,7518,12669,5653,5107,3524,2101,2966,1261,1700,1646,588,2691,9020,1642004.9,Alto,Não
410,35503085,Vila Anglo Brasileira,São Paulo,SP,13812,1178,457,813,975,2511,2846,1929,3103,189,522,1470,1340,1103,518,0,414,4222,1030695.44,Médio,Não
411,355030143,Vila Beatriz,São Paulo,SP,19645,1274,574,1101,1138,2693,4176,3163,5526,1488,1371,2264,1009,676,384,0,711,9406,1332755.8,Alto,Não
412,355030108,Vila Califórnia,São Paulo,SP,44677,3980,1999,3221,2722,6240,10335,6196,9984,570,1040,3660,3828,2948,1974,478,1380,4013,1187351.4,Alto,Não
413,35503039,Vila Carioca,São Paulo,SP,27747,3857,1937,2979,2471,4699,6487,2657,2660,14,46,368,1181,2331,2743,627,1877,1337,636879.7,Baixo,Não
414,355030187,Vila Carmosina,São Paulo,SP,44909,5764,2716,4089,3426,7359,10166,5396,5993,0,128,1615,2760,3322,3348,479,2935,1712,739576.5,Médio,Não
415,355030107,Vila Carrão,São Paulo,SP,44410,3797,1942,3161,2842,5933,9615,6597,10523,236,523,2894,3051,3779,2362,507,1994,2822,990158.56,Alto,Não
416,35503044,Vila Clementino,São Paulo,SP,9849,586,237,446,733,2120,1971,1533,2223,801,785,1226,697,429,127,63,300,10438,1208986.8,Médio,Não
417,355030135,Vila Cordeiro,São Paulo,SP,10376,674,304,598,644,1454,2195,1705,2802,346,517,1166,708,691,205,0,527,6544,1058671.2,Médio,Não
418,355030259,Vila Curuçá,São Paulo,SP,78207,10213,5356,8032,5721,11660,17523,8963,10739,0,0,1520,3945,5904,6049,1760,5584,1360,355875.84,Alto,Não
419,35503058,Vila Ema,São Paulo,SP,46957,4849,2161,3370,3018,6942,10996,6358,9263,0,396,3470,3566,3992,2431,691,1801,2458,896860.2,Alto,Não
420,355030178,Vila Esperança,São Paulo,SP,56733,5402,2625,4337,3759,8069,12592,7964,11985,0,572,2866,4228,4606,3032,820,3778,2134,912988.94,Alto,Não
421,355030109,Vila Formosa,São Paulo,SP,67582,6706,3447,5255,4607,9533,14637,9655,13742,27,340,2772,4659,5362,4068,938,4933,1854,539875.25,Alto,Não
422,355030100,Vila Guilherme,São Paulo,SP,9294,1010,490,698,707,1630,1900,1154,1705,0,56,378,740,747,651,142,452,2012,862704.44,Baixo,Não
423,355030180,Vila Guilhermina,São Paulo,SP,42875,4347,2152,3222,2952,6418,9556,5978,8250,0,269,2452,3354,3312,2775,462,2002,2203,855648.3,Alto,Não
424,35503063,Vila Gumercindo,São Paulo,SP,25187,2114,840,1538,1470,3993,5993,3967,5272,821,1217,3552,1808,840,726,235,474,5824,1306025.2,Alto,Não
425,355030172,Vila Gustavo,São Paulo,SP,48292,4078,1930,3412,3209,6894,10232,7404,11133,63,648,4103,4014,3362,2397,578,2062,2774,1082968.6,Alto,Não
426,355030150,Vila Hamburguesa,São Paulo,SP,17440,1422,677,1095,970,2440,4329,2710,3797,849,1179,1928,1081,639,387,97,496,7583,1317774.2,Alto,Não
427,35503040,Vila Independência,São Paulo,SP,8965,1028,432,698,656,1683,1896,1028,1544,24,164,624,738,735,500,171,367,2833,885986.9,Médio,Não
428,355030145,Vila Ipojuca,São Paulo,SP,22698,1840,753,1154,1192,3302,5353,3347,5757,891,1393,2678,1508,1223,814,120,520,7124,1379983.2,Alto,Não
429,355030101,Vila Isolina Mazzei,São Paulo,SP,48825,4612,2157,3409,3127,7249,10680,6904,10687,0,1208,3809,3958,3516,2242,624,1918,2927,1070233.1,Alto,Não
430,355030248,Vila Jacuí,São Paulo,SP,32640,4136,2035,2992,2463,4974,7496,3864,4680,0,80,992,1673,2662,2375,720,2102,1614,674555.1,Médio,Não
431,355030153,Vila Jaguará,São Paulo,SP,26631,2512,1224,1889,1769,3941,5758,3881,5657,0,297,1796,2070,2151,1528,393,901,2502,926529.3,Médio,Não
432,355030149,Vila Leopoldina,São Paulo,SP,12913,1486,520,749,597,2154,3904,1559,1944,1066,1096,1342,616,424,184,79,403,9781,1326714.1,Médio,Não
433,355030138,Vila Madalena,São Paulo,SP,23612,1631,639,1110,1305,4230,5397,3631,5669,1540,1537,2979,1366,831,637,0,1666,8747,1454835.6,Alto,Não
434,355030102,Vila Maria,São Paulo,SP,16754,1519,680,1164,1254,2350,3622,2373,3792,0,234,923,952,1299,1088,209,1217,2117,883049.2,Médio,Não
435,355030103,Vila Maria Alta,São Paulo,SP,53516,5096,2595,4169,4000,8348,11308,7096,10904,0,354,2703,3106,4398,3662,589,3871,1948,822879.75,Alto,Não
436,35503043,Vila Mariana,São Paulo,SP,38935,2280,1010,2133,2642,6248,7695,6237,10690,2664,2573,5159,2544,1956,822,0,1362,10575,1720072.0,Alto,Não
437,355030179,Vila Matilde,São Paulo,SP,69391,6957,3404,5572,4628,9741,15428,9723,13938,0,981,4507,5353,4915,3687,1173,3324,2481,993974.4,Alto,Não
438,355030174,Vila Medeiros,São Paulo,SP,67396,6602,3255,5302,4725,9604,14060,9696,14152,0,422,3648,4542,5509,4365,1035,3301,2099,800124.3,Alto,Não
439,355030195,Vila Missionária,São Paulo,SP,84503,12213,5847,8955,7047,14260,18715,8865,8601,0,0,638,3075,6855,7277,2403,6727,1095,177938.53,Médio,Não
440,35503041,Vila Monumento,São Paulo,SP,20177,1646,760,1284,1149,2844,4496,3070,4928,335,1012,2121,1555,1276,622,240,515,5249,1219104.0,Alto,Não
441,355030159,Vila Morro Grande,São Paulo,SP,56774,6132,3224,4686,3933,8527,12905,7918,9449,31,281,2667,4099,4680,3892,916,2465,2083,763394.94,Alto,Não
442,35503073,Vila Nova Conceição,São Paulo,SP,10691,843,303,504,513,1532,2502,1663,2831,1432,804,870,376,268,116,0,733,13633,1302400.8,Médio,Não
443,355030133,Vila Olímpia,São Paulo,SP,22235,1269,452,1085,1482,4735,5122,3165,4925,1235,1787,3805,1724,949,469,0,986,7754,1487872.5,Alto,Não
444,355030256,Vila Progresso,São Paulo,SP,39512,5032,2643,3897,3082,6000,8876,4549,5433,0,0,698,2087,3151,3532,566,2602,1364,662910.4,Médio,Não
445,35503053,Vila Prudente,São Paulo,SP,37320,3122,1500,2346,2195,5162,8384,5628,8983,519,1249,3099,2715,2490,1701,408,1574,4497,1278370.1,Alto,Não
446,355030112,Vila Rica,São Paulo,SP,46505,5184,2585,3866,3383,6693,10448,6235,8111,74,105,1665,2533,3175,3363,614,3879,1947,789638.7,Médio,Não
447,355030198,Vila Sabará,São Paulo,SP,10891,1049,479,777,632,1806,2658,1462,2028,41,163,950,1000,914,438,107,350,3095,888477.56,Médio,Não
448,355030126,Vila Santa Catarina,São Paulo,SP,64419,7477,3491,5257,4307,10517,15425,8230,9715,1067,1855,4814,3376,4136,3585,1159,3116,4148,1277931.0,Alto,Não
449,355030242,Vila Silvia,São Paulo,SP,84428,10015,5178,7933,6524,13030,19267,10854,11627,0,0,2614,5168,6331,6080,1582,5390,1591,345105.84,Alto,Não
450,355030275,Vila Socorro,São Paulo,SP,10117,986,422,669,661,1680,2384,1391,1924,126,204,806,918,744,533,102,350,4993,952146.3,Médio,Não
451,355030213,Vila Sônia,São Paulo,SP,34061,2908,1462,2253,2076,4579,7557,5227,7999,942,1089,2866,2219,2216,1227,306,1098,5285,1371317.9,Alto,Não
452,355030207,Vila Suzana,São Paulo,SP,35403,4127,1890,2678,2433,5855,9107,4608,4705,1726,1522,2458,1186,1166,918,209,3840,7418,1438857.9,Alto,Não
453,355030162,Vila Terezinha,São Paulo,SP,122359,18304,9304,13258,9965,19248,26592,12579,13109,0,0,1758,4517,9450,11473,3218,7540,1252,140370.05,Alto,Não
454,355030157,Vila Zatt,São Paulo,SP,125864,14670,7305,11225,9338,18841,28500,16700,19285,8,872,5093,8063,10012,8082,2856,6853,1936,260146.45,Alto,Sim
455,355030164,Vista Alegre,São Paulo,SP,106,23,7,15,11,15,26,4,5,0,0,0,6,9,8,2,4,1288,810818.7,Baixo,Não
